{"cameraMode":{"drawMode":0,"name":"Shaded","section":"Shading Mode"},"sceneLighting":true,"audioPlay":false,"sceneViewState":{"m_AlwaysRefresh":true,"showFog":true,"showSkybox":true,"showFlares":true,"showImageEffects":true,"showParticleSystems":true,"showVisualEffectGraphs":true,"m_FxEnabled":true},"in2DMode":false,"pivot":{"x":15.955218315124512,"y":30.910907745361329,"z":57.45551300048828},"rotation":{"x":0.24204641580581666,"y":-0.33491259813308718,"z":0.08945275098085404,"w":0.9062263369560242},"size":9.793437004089356,"orthographic":false}